STN,YYYYMMDD,TN,TX
260,20080201,19,79
260,20080202,4,62
260,20080203,9,48
260,20080204,33,83
260,20080205,37,115
260,20080206,15,108
260,20080207,-8,81
260,20080208,27,117
260,20080209,9,124
260,20080210,-3,134
260,20080211,-13,141
260,20080212,-23,141
260,20080213,-8,34
260,20080214,5,50
260,20080215,-17,52
260,20080216,-37,42
260,20080217,-69,84
260,20080218,-59,80
260,20080219,-12,54
260,20080220,-15,48
260,20080221,24,99
260,20080222,85,108
260,20080223,44,109
260,20080224,83,118
260,20080225,41,109
260,20080226,72,121
260,20080227,33,104
260,20080228,19,113
260,20080229,19,101
260,20080301,79,113
260,20080302,60,125
260,20080303,14,86
260,20080304,-9,81
260,20080305,-17,79
260,20080306,45,88
260,20080307,22,102
260,20080308,20,103
260,20080309,51,92
260,20080310,38,81
260,20080311,49,120
260,20080312,58,94
260,20080313,57,105
260,20080314,17,109
260,20080315,4,135
260,20080316,56,101
260,20080317,7,86
260,20080318,-9,93
260,20080319,7,83
260,20080320,21,88
260,20080321,6,71
260,20080322,-10,64
260,20080323,-44,59
260,20080324,-6,59
260,20080325,-24,54
260,20080326,-6,57
260,20080327,-16,88
260,20080328,3,106
260,20080329,66,132
260,20080330,81,113
260,20080331,47,141
260,20080401,37,119
260,20080402,48,116
260,20080403,60,102
260,20080404,58,117
260,20080405,22,95
260,20080406,-18,81
260,20080407,-23,99
260,20080408,-17,100
260,20080409,-25,126
260,20080410,-15,126
260,20080411,16,134
260,20080412,35,136
260,20080413,35,134
260,20080414,23,117
260,20080415,-7,109
260,20080416,-27,100
260,20080417,-15,117
260,20080418,42,123
260,20080419,51,120
260,20080420,76,171
260,20080421,66,185
260,20080422,65,181
260,20080423,91,195
260,20080424,71,178
260,20080425,55,157
260,20080426,85,207
260,20080427,108,221
260,20080428,99,157
260,20080429,86,149
260,20080430,77,159
260,20080501,59,149
260,20080502,37,165
260,20080503,31,198
260,20080504,88,217
260,20080505,83,220
260,20080506,97,238
260,20080507,109,255
260,20080508,111,251
260,20080509,102,263
260,20080510,119,274
260,20080511,91,263
260,20080512,108,269
260,20080513,108,260
260,20080514,122,266
260,20080515,128,234
260,20080516,114,152
260,20080517,97,123
260,20080518,42,155
260,20080519,19,145
260,20080520,15,168
260,20080521,54,195
260,20080522,73,213
260,20080523,103,229
260,20080524,121,233
260,20080525,123,181
260,20080526,125,156
260,20080527,120,220
260,20080528,122,258
260,20080529,119,212
260,20080530,121,203
260,20080531,119,195
260,20080601,126,224
260,20080602,145,288
260,20080603,135,237
260,20080604,119,211
260,20080605,135,178
260,20080606,135,251
260,20080607,126,230
260,20080608,138,267
260,20080609,115,265
260,20080610,106,233
260,20080611,98,186
260,20080612,88,145
260,20080613,79,160
260,20080614,76,163
260,20080615,54,177
260,20080616,42,178
260,20080617,40,211
260,20080618,81,203
260,20080619,129,203
260,20080620,112,204
260,20080621,128,226
260,20080622,139,266
260,20080623,77,187
260,20080624,57,225
260,20080625,130,245
260,20080626,115,224
260,20080627,124,209
260,20080628,149,227
260,20080629,134,222
260,20080630,105,228
260,20080701,87,277
260,20080702,139,312
260,20080703,156,200
260,20080704,97,218
260,20080705,86,244
260,20080706,141,233
260,20080707,138,194
260,20080708,114,187
260,20080709,106,192
260,20080710,143,199
260,20080711,136,209
260,20080712,116,190
260,20080713,103,196
260,20080714,77,230
260,20080715,143,205
260,20080716,146,202
260,20080717,136,175
260,20080718,138,206
260,20080719,130,199
260,20080720,113,176
260,20080721,116,159
260,20080722,125,205
260,20080723,135,232
260,20080724,134,260
260,20080725,154,281
260,20080726,173,288
260,20080727,170,282
260,20080728,201,279
260,20080729,149,249
260,20080730,145,272
260,20080731,171,298
260,20080801,155,234
260,20080802,131,244
260,20080803,159,208
260,20080804,153,213
260,20080805,149,236
260,20080806,175,270
260,20080807,165,216
260,20080808,121,206
260,20080809,118,226
260,20080810,153,227
260,20080811,134,216
260,20080812,129,228
260,20080813,134,212
260,20080814,95,206
260,20080815,83,212
260,20080816,68,228
260,20080817,132,218
260,20080818,135,191
260,20080819,148,220
260,20080820,142,193
260,20080821,141,206
260,20080822,90,199
260,20080823,107,195
260,20080824,89,201
260,20080825,144,220
260,20080826,165,193
260,20080827,156,181
260,20080828,164,197
260,20080829,118,232
260,20080830,118,249
260,20080831,134,275
260,20080901,131,204
260,20080902,114,186
260,20080903,111,173
260,20080904,119,193
260,20080905,127,193
260,20080906,146,206
260,20080907,137,169
260,20080908,110,182
260,20080909,100,233
260,20080910,147,226
260,20080911,147,264
260,20080912,139,200
260,20080913,87,164
260,20080914,64,174
260,20080915,83,167
260,20080916,75,165
260,20080917,68,160
260,20080918,37,166
260,20080919,39,172
260,20080920,32,181
260,20080921,57,176
260,20080922,100,167
260,20080923,121,155
260,20080924,94,164
260,20080925,77,176
260,20080926,56,184
260,20080927,32,196
260,20080928,37,186
260,20080929,90,142
260,20080930,107,137
260,20081001,92,152
260,20081002,69,129
260,20081003,40,123
260,20081004,36,114
260,20081005,93,124
260,20081006,90,150
260,20081007,108,166
260,20081008,53,160
260,20081009,35,170
260,20081010,47,162
260,20081011,97,184
260,20081012,120,163
260,20081013,102,212
260,20081014,135,177
260,20081015,116,157
260,20081016,78,144
260,20081017,37,137
260,20081018,42,143
260,20081019,92,150
260,20081020,83,170
260,20081021,50,154
260,20081022,38,134
260,20081023,43,140
260,20081024,33,106
260,20081025,21,132
260,20081026,104,130
260,20081027,44,119
260,20081028,-8,80
260,20081029,-19,75
260,20081030,-19,66
260,20081031,15,75
260,20081101,51,75
260,20081102,34,113
260,20081103,53,92
260,20081104,46,85
260,20081105,75,100
260,20081106,82,122
260,20081107,51,125
260,20081108,53,124
260,20081109,88,115
260,20081110,104,152
260,20081111,71,111
260,20081112,61,107
260,20081113,47,116
260,20081114,83,110
260,20081115,102,125
260,20081116,23,116
260,20081117,15,109
260,20081118,52,100
260,20081119,72,108
260,20081120,68,118
260,20081121,8,91
260,20081122,4,50
260,20081123,-2,23
260,20081124,-17,30
260,20081125,-19,73
260,20081126,-23,79
260,20081127,50,68
260,20081128,32,50
260,20081129,-19,36
260,20081130,-22,26
260,20081201,18,55
260,20081202,9,62
260,20081203,-7,55
260,20081204,4,54
260,20081205,23,66
260,20081206,28,90
260,20081207,1,89
260,20081208,0,42
260,20081209,-3,44
260,20081210,-18,54
260,20081211,17,37
260,20081212,-8,36
260,20081213,-24,6
260,20081214,0,63
260,20081215,-15,41
260,20081216,-15,16
260,20081217,-8,68
260,20081218,-16,81
260,20081219,46,82
260,20081220,62,107
260,20081221,65,100
260,20081222,10,104
260,20081223,19,83
260,20081224,37,82
260,20081225,4,62
260,20081226,-30,14
260,20081227,-44,5
260,20081228,-51,-1
260,20081229,-58,-2
260,20081230,-79,5
260,20081231,-87,-28
260,20090101,-28,5
260,20090102,-72,19
260,20090103,-89,16
260,20090104,13,35
260,20090105,-46,15
260,20090106,-96,-13
260,20090107,-67,35
260,20090108,-73,-31
260,20090109,-103,-16
260,20090110,-105,-36
260,20090111,-60,24
260,20090112,14,58
260,20090113,39,52
260,20090114,25,63
260,20090115,10,50
260,20090116,1,37
260,20090117,28,75
260,20090118,21,77
260,20090119,21,88
260,20090120,18,64
260,20090121,12,56
260,20090122,16,62
260,20090123,37,77
260,20090124,9,61
260,20090125,-2,50
260,20090126,-23,56
260,20090127,-41,38
260,20090128,-47,28
260,20090129,-39,25
260,20090130,-44,51
260,20090131,-26,32
260,20090201,-25,11
260,20090202,-19,35
260,20090203,3,40
260,20090204,0,8
260,20090205,-5,66
260,20090206,10,92
260,20090207,11,52
260,20090208,-7,43
260,20090209,-3,47
260,20090210,12,76
260,20090211,-10,62
260,20090212,-9,51
260,20090213,4,30
260,20090214,-42,40
260,20090215,-45,48
260,20090216,47,92
260,20090217,-9,65
260,20090218,-33,31
260,20090219,-20,47
260,20090220,40,65
260,20090221,31,85
260,20090222,54,88
260,20090223,39,77
260,20090224,18,59
260,20090225,25,67
260,20090226,55,83
260,20090227,62,86
260,20090228,20,94
260,20090301,-7,107
260,20090302,20,90
260,20090303,18,88
260,20090304,44,68
260,20090305,3,74
260,20090306,21,73
260,20090307,-32,89
260,20090308,28,103
260,20090309,29,78
260,20090310,45,77
260,20090311,30,100
260,20090312,63,100
260,20090313,42,126
260,20090314,72,120
260,20090315,61,113
260,20090316,64,105
260,20090317,-1,119
260,20090318,-16,117
260,20090319,33,116
260,20090320,-11,106
260,20090321,-31,120
260,20090322,49,110
260,20090323,40,89
260,20090324,27,85
260,20090325,37,91
260,20090326,49,96
260,20090327,49,96
260,20090328,45,105
260,20090329,12,95
260,20090330,-4,109
260,20090331,-17,148
260,20090401,41,152
260,20090402,59,185
260,20090403,42,223
260,20090404,64,126
260,20090405,63,154
260,20090406,40,193
260,20090407,74,133
260,20090408,33,124
260,20090409,29,173
260,20090410,114,237
260,20090411,116,214
260,20090412,86,186
260,20090413,69,181
260,20090414,65,193
260,20090415,91,236
260,20090416,98,190
260,20090417,86,178
260,20090418,51,186
260,20090419,59,179
260,20090420,39,203
260,20090421,56,186
260,20090422,53,150
260,20090423,45,161
260,20090424,39,188
260,20090425,77,202
260,20090426,101,177
260,20090427,83,164
260,20090428,32,126
260,20090429,24,167
260,20090430,28,194
260,20090501,73,223
260,20090502,57,187
260,20090503,46,144
260,20090504,24,147
260,20090505,90,132
260,20090506,106,161
260,20090507,85,175
260,20090508,79,177
260,20090509,53,168
260,20090510,52,204
260,20090511,62,174
260,20090512,50,178
260,20090513,107,214
260,20090514,128,212
260,20090515,89,174
260,20090516,73,171
260,20090517,100,163
260,20090518,94,183
260,20090519,73,201
260,20090520,66,202
260,20090521,71,194
260,20090522,60,177
260,20090523,109,213
260,20090524,92,224
260,20090525,91,253
260,20090526,96,192
260,20090527,80,152
260,20090528,102,186
260,20090529,69,207
260,20090530,83,221
260,20090531,124,239
260,20090601,126,252
260,20090602,117,213
260,20090603,102,158
260,20090604,72,138
260,20090605,50,132
260,20090606,53,170
260,20090607,70,163
260,20090608,80,189
260,20090609,121,196
260,20090610,118,178
260,20090611,97,164
260,20090612,64,178
260,20090613,45,216
260,20090614,133,207
260,20090615,109,191
260,20090616,88,189
260,20090617,73,226
260,20090618,147,208
260,20090619,125,176
260,20090620,109,181
260,20090621,80,184
260,20090622,79,188
260,20090623,75,217
260,20090624,109,242
260,20090625,133,265
260,20090626,137,247
260,20090627,161,254
260,20090628,170,238
260,20090629,159,267
260,20090630,163,257
260,20090701,158,264
260,20090702,166,297
260,20090703,177,289
260,20090704,138,249
260,20090705,123,277
260,20090706,149,231
260,20090707,133,185
260,20090708,133,191
260,20090709,126,181
260,20090710,122,172
260,20090711,111,202
260,20090712,146,215
260,20090713,130,231
260,20090714,120,253
260,20090715,146,239
260,20090716,133,251
260,20090717,158,226
260,20090718,143,196
260,20090719,135,195
260,20090720,131,209
260,20090721,112,266
260,20090722,155,244
260,20090723,150,210
260,20090724,139,204
260,20090725,114,206
260,20090726,103,234
260,20090727,139,249
260,20090728,138,217
260,20090729,139,251
260,20090730,101,208
260,20090731,91,214
260,20090801,104,254
260,20090802,96,192
260,20090803,90,224
260,20090804,91,254
260,20090805,121,271
260,20090806,150,289
260,20090807,155,283
260,20090808,138,228
260,20090809,111,220
260,20090810,106,245
260,20090811,151,224
260,20090812,144,197
260,20090813,110,221
260,20090814,88,223
260,20090815,153,279
260,20090816,130,237
260,20090817,130,229
260,20090818,129,250
260,20090819,133,296
260,20090820,163,338
260,20090821,136,222
260,20090822,101,221
260,20090823,87,255
260,20090824,151,273
260,20090825,107,211
260,20090826,103,240
260,20090827,151,234
260,20090828,105,205
260,20090829,113,188
260,20090830,126,187
260,20090831,120,256
260,20090901,149,211
260,20090902,135,212
260,20090903,131,183
260,20090904,121,181
260,20090905,131,183
260,20090906,105,181
260,20090907,106,242
260,20090908,111,276
260,20090909,141,190
260,20090910,102,200
260,20090911,71,182
260,20090912,84,196
260,20090913,88,171
260,20090914,121,191
260,20090915,135,166
260,20090916,120,201
260,20090917,86,180
260,20090918,62,212
260,20090919,102,249
260,20090920,88,209
260,20090921,85,198
260,20090922,90,208
260,20090923,140,197
260,20090924,66,195
260,20090925,49,176
260,20090926,42,197
260,20090927,56,196
260,20090928,72,189
260,20090929,141,172
260,20090930,134,164
260,20091001,81,155
260,20091002,92,142
260,20091003,112,160
260,20091004,51,153
260,20091005,68,132
260,20091006,120,187
260,20091007,116,197
260,20091008,45,159
260,20091009,25,144
260,20091010,100,167
260,20091011,98,149
260,20091012,60,145
260,20091013,17,140
260,20091014,-10,101
260,20091015,-15,125
260,20091016,82,134
260,20091017,22,134
260,20091018,5,132
260,20091019,61,107
260,20091020,41,113
260,20091021,71,147
260,20091022,67,114
260,20091023,49,150
260,20091024,72,147
260,20091025,106,163
260,20091026,111,143
260,20091027,102,158
260,20091028,86,158
260,20091029,108,160
260,20091030,81,143
260,20091031,81,129
260,20091101,117,155
260,20091102,50,125
260,20091103,32,109
260,20091104,62,103
260,20091105,66,102
260,20091106,67,101
260,20091107,22,100
260,20091108,9,95
260,20091109,43,86
260,20091110,49,91
260,20091111,50,87
260,20091112,29,135
260,20091113,101,164
260,20091114,116,144
260,20091115,67,123
260,20091116,58,150
260,20091117,89,127
260,20091118,89,134
260,20091119,87,128
260,20091120,89,152
260,20091121,98,160
260,20091122,82,138
260,20091123,83,130
260,20091124,95,141
260,20091125,91,132
260,20091126,59,94
260,20091127,54,87
260,20091128,61,90
260,20091129,76,104
260,20091130,23,77
260,20091201,-8,85
260,20091202,1,64
260,20091203,55,97
260,20091204,30,70
260,20091205,43,96
260,20091206,76,121
260,20091207,58,88
260,20091208,23,93
260,20091209,33,93
260,20091210,87,108
260,20091211,29,92
260,20091212,22,56
260,20091213,-20,34
260,20091214,-49,-12
260,20091215,-68,14
260,20091216,-74,6
260,20091217,-25,-3
260,20091218,-61,-6
260,20091219,-115,-47
260,20091220,-62,3
260,20091221,-53,-1
260,20091222,-6,26
260,20091223,-23,9
260,20091224,-27,20
260,20091225,2,46
260,20091226,19,56
260,20091227,26,51
260,20091228,-25,73
260,20091229,-14,17
260,20091230,-3,9
260,20091231,-5,5
260,20100101,-63,7
260,20100102,-64,12
260,20100103,-65,-10
260,20100104,-54,-6
260,20100105,-30,19
260,20100106,-52,-5
260,20100107,-100,-21
260,20100108,-107,-21
260,20100109,-49,-5
260,20100110,-10,2
260,20100111,-9,0
260,20100112,-42,-7
260,20100113,-50,-12
260,20100114,-30,48
260,20100115,1,18
260,20100116,-1,19
260,20100117,8,67
260,20100118,2,53
260,20100119,19,58
260,20100120,16,55
260,20100121,19,38
260,20100122,2,49
260,20100123,-5,24
260,20100124,-7,6
260,20100125,-75,-6
260,20100126,-101,-37
260,20100127,-111,45
260,20100128,9,52
260,20100129,-3,46
260,20100130,-16,17
260,20100131,-5,37
260,20100201,-41,34
260,20100202,-6,52
260,20100203,-11,62
260,20100204,17,82
260,20100205,25,65
260,20100206,11,57
260,20100207,2,24
260,20100208,-45,2
260,20100209,-50,-15
260,20100210,-55,-12
260,20100211,-53,-8
260,20100212,-65,9
260,20100213,-43,0
260,20100214,-46,-13
260,20100215,-53,-10
260,20100216,-32,17
260,20100217,-45,26
260,20100218,10,57
260,20100219,10,53
260,20100220,-32,51
260,20100221,-45,42
260,20100222,17,83
260,20100223,8,44
260,20100224,15,102
260,20100225,68,110
260,20100226,57,103
260,20100227,43,91
260,20100228,34,109
260,20100301,11,70
260,20100302,-18,80
260,20100303,-32,71
260,20100304,-13,58
260,20100305,-46,60
260,20100306,-25,32
260,20100307,-50,39
260,20100308,-51,52
260,20100309,-38,56
260,20100310,-27,48
260,20100311,-12,58
260,20100312,31,68
260,20100313,28,73
260,20100314,48,85
260,20100315,48,92
260,20100316,37,109
260,20100317,27,136
260,20100318,13,173
260,20100319,100,147
260,20100320,117,167
260,20100321,20,123
260,20100322,7,125
260,20100323,42,137
260,20100324,82,179
260,20100325,104,197
260,20100326,79,124
260,20100327,78,127
260,20100328,70,116
260,20100329,75,127
260,20100330,56,138
260,20100331,39,102
260,20100401,25,86
260,20100402,21,136
260,20100403,54,107
260,20100404,27,106
260,20100405,28,109
260,20100406,50,160
260,20100407,80,195
260,20100408,33,133
260,20100409,35,157
260,20100410,41,121
260,20100411,23,103
260,20100412,38,149
260,20100413,28,152
260,20100414,27,154
260,20100415,38,153
260,20100416,15,120
260,20100417,-9,166
260,20100418,-1,180
260,20100419,54,134
260,20100420,53,125
260,20100421,24,98
260,20100422,7,120
260,20100423,-20,148
260,20100424,8,193
260,20100425,43,235
260,20100426,93,168
260,20100427,50,189
260,20100428,57,230
260,20100429,93,252
260,20100430,98,146
260,20100501,63,149
260,20100502,55,87
260,20100503,54,75
260,20100504,40,112
260,20100505,11,132
260,20100506,39,139
260,20100507,58,94
260,20100508,73,109
260,20100509,50,118
260,20100510,20,110
260,20100511,44,115
260,20100512,45,77
260,20100513,39,92
260,20100514,18,128
260,20100515,5,146
260,20100516,82,155
260,20100517,58,159
260,20100518,34,157
260,20100519,51,171
260,20100520,34,207
260,20100521,96,201
260,20100522,85,198
260,20100523,82,237
260,20100524,102,225
260,20100525,81,181
260,20100526,66,130
260,20100527,67,154
260,20100528,40,172
260,20100529,44,210
260,20100530,94,159
260,20100531,98,172
260,20100601,58,185
260,20100602,104,214
260,20100603,94,216
260,20100604,93,233
260,20100605,93,265
260,20100606,124,261
260,20100607,115,188
260,20100608,115,230
260,20100609,153,201
260,20100610,159,217
260,20100611,97,201
260,20100612,81,191
260,20100613,90,166
260,20100614,97,215
260,20100615,93,168
260,20100616,83,220
260,20100617,102,231
260,20100618,108,159
260,20100619,95,157
260,20100620,98,140
260,20100621,67,182
260,20100622,43,209
260,20100623,75,259
260,20100624,104,270
260,20100625,122,246
260,20100626,106,255
260,20100627,123,284
260,20100628,127,298
260,20100629,111,266
260,20100630,142,270
260,20100701,142,284
260,20100702,205,336
260,20100703,160,278
260,20100704,145,258
260,20100705,137,236
260,20100706,90,209
260,20100707,80,257
260,20100708,132,289
260,20100709,146,344
260,20100710,165,327
260,20100711,184,293
260,20100712,169,258
260,20100713,144,265
260,20100714,173,286
260,20100715,163,225
260,20100716,150,241
260,20100717,118,211
260,20100718,102,233
260,20100719,118,275
260,20100720,137,293
260,20100721,187,259
260,20100722,125,235
260,20100723,105,226
260,20100724,126,204
260,20100725,121,198
260,20100726,125,206
260,20100727,119,212
260,20100728,144,223
260,20100729,138,207
260,20100730,135,227
260,20100731,141,215
260,20100801,128,228
260,20100802,106,201
260,20100803,107,221
260,20100804,139,201
260,20100805,91,202
260,20100806,76,233
260,20100807,144,208
260,20100808,123,209
260,20100809,123,223
260,20100810,116,225
260,20100811,96,213
260,20100812,82,203
260,20100813,95,210
260,20100814,101,242
260,20100815,153,202
260,20100816,166,223
260,20100817,151,180
260,20100818,144,199
260,20100819,132,210
260,20100820,143,276
260,20100821,175,259
260,20100822,174,225
260,20100823,168,214
260,20100824,135,199
260,20100825,136,205
260,20100826,135,204
260,20100827,101,172
260,20100828,86,184
260,20100829,97,167
260,20100830,101,179
260,20100831,67,187
260,20100901,59,185
260,20100902,62,177
260,20100903,76,196
260,20100904,70,195
260,20100905,72,197
260,20100906,90,205
260,20100907,108,150
260,20100908,123,210
260,20100909,112,208
260,20100910,112,183
260,20100911,149,233
260,20100912,95,191
260,20100913,78,191
260,20100914,135,167
260,20100915,104,171
260,20100916,90,172
260,20100917,86,150
260,20100918,74,167
260,20100919,83,162
260,20100920,126,181
260,20100921,97,186
260,20100922,87,225
260,20100923,117,208
260,20100924,122,178
260,20100925,78,150
260,20100926,44,144
260,20100927,43,127
260,20100928,85,150
260,20100929,58,142
260,20100930,65,149
260,20101001,60,170
260,20101002,122,182
260,20101003,147,223
260,20101004,130,220
260,20101005,136,195
260,20101006,123,192
260,20101007,97,169
260,20101008,111,163
260,20101009,95,194
260,20101010,71,179
260,20101011,46,162
260,20101012,51,134
260,20101013,28,130
260,20101014,23,125
260,20101015,76,128
260,20101016,42,103
260,20101017,-10,107
260,20101018,-18,126
260,20101019,68,127
260,20101020,35,93
260,20101021,29,115
260,20101022,67,125
260,20101023,48,86
260,20101024,29,117
260,20101025,0,113
260,20101026,-1,101
260,20101027,67,107
260,20101028,89,136
260,20101029,59,131
260,20101030,69,134
260,20101031,54,133
260,20101101,50,92
260,20101102,83,130
260,20101103,107,147
260,20101104,145,159
260,20101105,94,150
260,20101106,74,116
260,20101107,8,82
260,20101108,3,80
260,20101109,42,53
260,20101110,24,85
260,20101111,34,107
260,20101112,98,128
260,20101113,88,115
260,20101114,84,132
260,20101115,2,106
260,20101116,-11,60
260,20101117,6,53
260,20101118,40,69
260,20101119,42,87
260,20101120,41,94
260,20101121,27,83
260,20101122,18,63
260,20101123,15,76
260,20101124,4,63
260,20101125,1,48
260,20101126,-28,38
260,20101127,-44,16
260,20101128,-52,5
260,20101129,-45,-7
260,20101130,-37,-5
260,20101201,-78,-37
260,20101202,-79,-61
260,20101203,-97,-25
260,20101204,-63,8
260,20101205,-11,47
260,20101206,-33,23
260,20101207,-38,-13
260,20101208,-47,-4
260,20101209,-24,54
260,20101210,-10,71
260,20101211,60,80
260,20101212,-34,68
260,20101213,-65,20
260,20101214,-59,1
260,20101215,-57,36
260,20101216,-27,45
260,20101217,-56,-6
260,20101218,-60,-15
260,20101219,-57,-39
260,20101220,-111,-47
260,20101221,-85,-16
260,20101222,-29,-11
260,20101223,-22,0
260,20101224,-24,-3
260,20101225,-33,6
260,20101226,-59,48
260,20101227,-16,9
260,20101228,-3,12
260,20101229,-16,18
260,20101230,-55,19
260,20101231,6,37
260,20110101,-3,59
260,20110102,-7,53
260,20110103,-36,36
260,20110104,-1,24
260,20110105,-15,35
260,20110106,33,52
260,20110107,-5,92
260,20110108,49,120
260,20110109,10,67
260,20110110,-25,49
260,20110111,-3,62
260,20110112,29,85
260,20110113,83,106
260,20110114,75,116
260,20110115,70,100
260,20110116,80,125
260,20110117,50,96
260,20110118,19,61
260,20110119,14,66
260,20110120,-28,50
260,20110121,-38,37
260,20110122,22,61
260,20110123,23,66
260,20110124,45,68
260,20110125,7,69
260,20110126,-4,40
260,20110127,-31,14
260,20110128,-49,11
260,20110129,-56,6
260,20110130,-53,14
260,20110131,-29,-1
260,20110201,-33,24
260,20110202,22,45
260,20110203,39,80
260,20110204,65,104
260,20110205,103,116
260,20110206,84,113
260,20110207,71,104
260,20110208,-28,92
260,20110209,-37,94
260,20110210,36,104
260,20110211,47,95
260,20110212,31,85
260,20110213,34,81
260,20110214,44,82
260,20110215,35,79
260,20110216,20,104
260,20110217,6,101
260,20110218,4,15
260,20110219,6,50
260,20110220,-24,27
260,20110221,-46,21
260,20110222,-64,25
260,20110223,-23,37
260,20110224,9,68
260,20110225,51,81
260,20110226,60,95
260,20110227,13,62
260,20110228,10,34
260,20110301,12,41
260,20110302,-14,64
260,20110303,-25,60
260,20110304,-37,47
260,20110305,-7,61
260,20110306,-28,67
260,20110307,-29,79
260,20110308,-13,110
260,20110309,43,101
260,20110310,43,103
260,20110311,10,106
260,20110312,7,127
260,20110313,91,131
260,20110314,83,138
260,20110315,79,164
260,20110316,47,119
260,20110317,45,84
260,20110318,45,95
260,20110319,-17,102
260,20110320,-28,118
260,20110321,-29,143
260,20110322,-12,162
260,20110323,25,150
260,20110324,0,166
260,20110325,36,148
260,20110326,7,80
260,20110327,-6,129
260,20110328,-19,102
260,20110329,-25,146
260,20110330,3,154
260,20110331,92,140
260,20110401,99,161
260,20110402,90,232
260,20110403,92,153
260,20110404,82,141
260,20110405,70,119
260,20110406,103,208
260,20110407,60,164
260,20110408,35,163
260,20110409,56,162
260,20110410,44,187
260,20110411,45,220
260,20110412,56,112
260,20110413,12,132
260,20110414,14,126
260,20110415,22,163
260,20110416,24,169
260,20110417,76,179
260,20110418,30,188
260,20110419,75,238
260,20110420,56,246
260,20110421,63,250
260,20110422,92,263
260,20110423,99,263
260,20110424,89,260
260,20110425,78,239
260,20110426,71,212
260,20110427,94,157
260,20110428,109,190
260,20110429,101,229
260,20110430,98,214
260,20110501,69,185
260,20110502,53,148
260,20110503,22,141
260,20110504,3,141
260,20110505,0,184
260,20110506,51,223
260,20110507,109,278
260,20110508,158,269
260,20110509,110,204
260,20110510,101,232
260,20110511,90,209
260,20110512,83,174
260,20110513,80,187
260,20110514,74,155
260,20110515,84,154
260,20110516,110,150
260,20110517,107,168
260,20110518,115,169
260,20110519,60,160
260,20110520,40,212
260,20110521,48,221
260,20110522,107,186
260,20110523,103,214
260,20110524,99,162
260,20110525,59,215
260,20110526,116,179
260,20110527,95,152
260,20110528,95,165
260,20110529,125,217
260,20110530,91,281
260,20110531,95,167
260,20110601,49,200
260,20110602,52,222
260,20110603,122,251
260,20110604,138,277
260,20110605,132,215
260,20110606,116,213
260,20110607,114,195
260,20110608,111,184
260,20110609,72,186
260,20110610,57,198
260,20110611,59,163
260,20110612,47,183
260,20110613,137,196
260,20110614,103,208
260,20110615,98,233
260,20110616,126,177
260,20110617,112,175
260,20110618,107,172
260,20110619,118,166
260,20110620,111,191
260,20110621,144,211
260,20110622,146,176
260,20110623,123,190
260,20110624,105,182
260,20110625,117,167
260,20110626,162,237
260,20110627,158,302
260,20110628,192,322
260,20110629,114,196
260,20110630,88,197
260,20110701,95,184
260,20110702,86,176
260,20110703,90,190
260,20110704,98,205
260,20110705,92,243
260,20110706,111,212
260,20110707,118,221
260,20110708,133,215
260,20110709,122,208
260,20110710,97,225
260,20110711,93,237
260,20110712,135,238
260,20110713,127,141
260,20110714,125,163
260,20110715,128,222
260,20110716,129,211
260,20110717,134,192
260,20110718,139,173
260,20110719,116,208
260,20110720,145,226
260,20110721,125,202
260,20110722,126,186
260,20110723,113,170
260,20110724,110,133
260,20110725,71,197
260,20110726,133,186
260,20110727,125,217
260,20110728,150,243
260,20110729,127,189
260,20110730,131,168
260,20110731,80,181
260,20110801,61,217
260,20110802,115,267
260,20110803,141,234
260,20110804,127,253
260,20110805,154,229
260,20110806,143,246
260,20110807,137,205
260,20110808,130,191
260,20110809,118,173
260,20110810,93,201
260,20110811,154,211
260,20110812,134,211
260,20110813,134,200
260,20110814,138,212
260,20110815,116,211
260,20110816,124,218
260,20110817,134,222
260,20110818,136,194
260,20110819,93,197
260,20110820,93,231
260,20110821,121,274
260,20110822,122,234
260,20110823,151,242
260,20110824,147,209
260,20110825,103,242
260,20110826,147,212
260,20110827,116,183
260,20110828,114,166
260,20110829,92,165
260,20110830,82,181
260,20110831,86,179
260,20110901,61,191
260,20110902,74,251
260,20110903,119,279
260,20110904,147,221
260,20110905,122,190
260,20110906,137,166
260,20110907,128,177
260,20110908,125,166
260,20110909,156,200
260,20110910,151,254
260,20110911,148,201
260,20110912,143,210
260,20110913,116,187
260,20110914,113,179
260,20110915,90,187
260,20110916,73,192
260,20110917,120,173
260,20110918,76,166
260,20110919,67,179
260,20110920,114,187
260,20110921,141,186
260,20110922,92,178
260,20110923,78,185
260,20110924,63,209
260,20110925,71,227
260,20110926,115,231
260,20110927,103,206
260,20110928,89,238
260,20110929,123,252
260,20110930,105,241
260,20111001,88,260
260,20111002,77,256
260,20111003,99,243
260,20111004,154,200
260,20111005,157,183
260,20111006,83,176
260,20111007,82,142
260,20111008,72,135
260,20111009,60,170
260,20111010,163,179
260,20111011,133,173
260,20111012,98,136
260,20111013,33,146
260,20111014,19,146
260,20111015,4,139
260,20111016,29,144
260,20111017,46,161
260,20111018,80,138
260,20111019,45,137
260,20111020,25,108
260,20111021,16,120
260,20111022,21,101
260,20111023,34,137
260,20111024,51,131
260,20111025,85,127
260,20111026,76,137
260,20111027,71,152
260,20111028,87,171
260,20111029,73,170
260,20111030,119,143
260,20111031,108,166
260,20111101,91,170
260,20111102,97,142
260,20111103,114,167
260,20111104,124,183
260,20111105,72,170
260,20111106,77,124
260,20111107,90,106
260,20111108,48,116
260,20111109,52,131
260,20111110,27,74
260,20111111,48,101
260,20111112,33,108
260,20111113,6,78
260,20111114,-11,88
260,20111115,-12,51
260,20111116,-15,77
260,20111117,-9,80
260,20111118,24,100
260,20111119,-4,104
260,20111120,-5,46
260,20111121,-2,32
260,20111122,-9,91
260,20111123,48,116
260,20111124,67,106
260,20111125,75,101
260,20111126,47,111
260,20111127,66,137
260,20111128,7,91
260,20111129,49,100
260,20111130,50,109
260,20111201,49,123
260,20111202,47,98
260,20111203,53,106
260,20111204,51,90
260,20111205,35,76
260,20111206,34,77
260,20111207,39,85
260,20111208,41,107
260,20111209,25,86
260,20111210,10,68
260,20111211,15,62
260,20111212,49,90
260,20111213,52,108
260,20111214,35,66
260,20111215,35,66
260,20111216,16,51
260,20111217,11,77
260,20111218,5,56
260,20111219,-1,51
260,20111220,8,83
260,20111221,47,64
260,20111222,62,102
260,20111223,61,104
260,20111224,53,82
260,20111225,69,106
260,20111226,102,120
260,20111227,77,102
260,20111228,57,78
260,20111229,47,78
260,20111230,38,80
260,20111231,37,107
260,20120101,102,129
260,20120102,46,103
260,20120103,48,107
260,20120104,54,86
260,20120105,49,102
260,20120106,42,88
260,20120107,51,94
260,20120108,55,84
260,20120109,65,95
260,20120110,22,93
260,20120111,75,90
260,20120112,52,105
260,20120113,37,75
260,20120114,-1,73
260,20120115,-21,66
260,20120116,-44,48
260,20120117,-53,61
260,20120118,-18,62
260,20120119,50,81
260,20120120,24,68
260,20120121,34,109
260,20120122,50,99
260,20120123,29,80
260,20120124,0,59
260,20120125,29,52
260,20120126,36,62
260,20120127,14,80
260,20120128,-11,68
260,20120129,-17,8
260,20120130,-27,-12
260,20120131,-66,-11
260,20120201,-79,-13
260,20120202,-88,-35
260,20120203,-159,-51
260,20120204,-189,-45
260,20120205,-102,-51
260,20120206,-146,-33
260,20120207,-153,-37
260,20120208,-89,-9
260,20120209,-97,5
260,20120210,-108,-21
260,20120211,-119,-30
260,20120212,-98,-5
260,20120213,-5,50
260,20120214,31,59
260,20120215,40,68
260,20120216,40,75
260,20120217,45,95
260,20120218,35,91
260,20120219,-12,60
260,20120220,-34,64
260,20120221,28,93
260,20120222,52,90
260,20120223,60,129
260,20120224,20,99
260,20120225,1,103
260,20120226,54,96
260,20120227,33,82
260,20120228,76,98
260,20120229,82,95
260,20120301,83,101
260,20120302,60,131
260,20120303,63,125
260,20120304,29,113
260,20120305,42,84
260,20120306,1,97
260,20120307,-5,62
260,20120308,25,92
260,20120309,41,106
260,20120310,76,115
260,20120311,46,138
260,20120312,11,135
260,20120313,70,95
260,20120314,5,86
260,20120315,-16,151
260,20120316,27,118
260,20120317,57,125
260,20120318,24,99
260,20120319,-19,116
260,20120320,34,136
260,20120321,12,160
260,20120322,51,192
260,20120323,56,197
260,20120324,46,179
260,20120325,39,169
260,20120326,20,166
260,20120327,16,182
260,20120328,29,184
260,20120329,42,117
260,20120330,71,101
260,20120331,10,93
260,20120401,-23,97
260,20120402,22,135
260,20120403,17,141
260,20120404,54,90
260,20120405,17,102
260,20120406,-11,112
260,20120407,20,79
260,20120408,-4,97
260,20120409,68,101
260,20120410,75,112
260,20120411,41,127
260,20120412,21,125
260,20120413,23,117
260,20120414,18,126
260,20120415,36,96
260,20120416,-14,101
260,20120417,-24,100
260,20120418,38,132
260,20120419,41,134
260,20120420,46,133
260,20120421,51,119
260,20120422,60,133
260,20120423,64,144
260,20120424,69,135
260,20120425,63,134
260,20120426,92,146
260,20120427,98,160
260,20120428,89,124
260,20120429,75,184
260,20120430,50,224
260,20120501,104,192
260,20120502,93,198
260,20120503,110,143
260,20120504,70,120
260,20120505,68,101
260,20120506,49,118
260,20120507,20,151
260,20120508,97,176
260,20120509,136,189
260,20120510,152,218
260,20120511,73,174
260,20120512,27,131
260,20120513,9,143
260,20120514,36,166
260,20120515,76,124
260,20120516,23,120
260,20120517,16,150
260,20120518,94,191
260,20120519,114,206
260,20120520,125,227
260,20120521,133,247
260,20120522,147,284
260,20120523,135,288
260,20120524,169,283
260,20120525,148,257
260,20120526,142,256
260,20120527,122,266
260,20120528,112,243
260,20120529,88,185
260,20120530,84,223
260,20120531,121,184
260,20120601,69,161
260,20120602,46,164
260,20120603,82,110
260,20120604,64,114
260,20120605,33,157
260,20120606,98,187
260,20120607,118,209
260,20120608,110,192
260,20120609,113,159
260,20120610,97,201
260,20120611,129,200
260,20120612,106,165
260,20120613,54,153
260,20120614,37,180
260,20120615,111,193
260,20120616,133,199
260,20120617,101,195
260,20120618,86,187
260,20120619,72,209
260,20120620,125,218
260,20120621,140,219
260,20120622,127,184
260,20120623,122,193
260,20120624,119,167
260,20120625,105,173
260,20120626,77,225
260,20120627,156,209
260,20120628,139,279
260,20120629,162,223
260,20120630,151,242
260,20120701,122,191
260,20120702,118,213
260,20120703,139,235
260,20120704,158,265
260,20120705,155,274
260,20120706,135,229
260,20120707,123,240
260,20120708,151,197
260,20120709,138,194
260,20120710,138,196
260,20120711,129,192
260,20120712,114,186
260,20120713,129,205
260,20120714,131,178
260,20120715,118,185
260,20120716,136,177
260,20120717,155,195
260,20120718,151,192
260,20120719,114,181
260,20120720,91,191
260,20120721,75,184
260,20120722,62,209
260,20120723,104,256
260,20120724,107,289
260,20120725,133,287
260,20120726,157,270
260,20120727,159,287
260,20120728,155,221
260,20120729,114,207
260,20120730,113,195
260,20120731,123,179
260,20120801,118,269
260,20120802,126,214
260,20120803,122,230
260,20120804,140,237
260,20120805,131,238
260,20120806,152,204
260,20120807,143,192
260,20120808,124,207
260,20120809,100,219
260,20120810,76,219
260,20120811,93,213
260,20120812,126,241
260,20120813,140,245
260,20120814,152,262
260,20120815,144,288
260,20120816,135,241
260,20120817,151,270
260,20120818,159,320
260,20120819,176,330
260,20120820,162,270
260,20120821,149,267
260,20120822,157,221
260,20120823,135,231
260,20120824,130,239
260,20120825,153,218
260,20120826,105,196
260,20120827,97,218
260,20120828,116,228
260,20120829,102,241
260,20120830,134,210
260,20120831,91,171
260,20120901,66,193
260,20120902,102,196
260,20120903,117,230
260,20120904,97,247
260,20120905,125,201
260,20120906,112,196
260,20120907,123,232
260,20120908,118,254
260,20120909,91,281
260,20120910,130,233
260,20120911,93,182
260,20120912,90,169
260,20120913,83,171
260,20120914,112,175
260,20120915,82,191
260,20120916,71,193
260,20120917,143,199
260,20120918,83,174
260,20120919,48,150
260,20120920,46,157
260,20120921,97,162
260,20120922,37,161
260,20120923,22,136
260,20120924,97,216
260,20120925,112,168
260,20120926,108,161
260,20120927,97,166
260,20120928,98,171
260,20120929,101,158
260,20120930,79,165
260,20121001,100,187
260,20121002,128,178
260,20121003,104,150
260,20121004,100,151
260,20121005,98,164
260,20121006,33,153
260,20121007,26,153
260,20121008,15,138
260,20121009,20,142
260,20121010,20,145
260,20121011,17,143
260,20121012,82,144
260,20121013,75,113
260,20121014,63,118
260,20121015,74,135
260,20121016,88,150
260,20121017,70,157
260,20121018,130,186
260,20121019,131,212
260,20121020,134,164
260,20121021,115,148
260,20121022,123,220
260,20121023,117,182
260,20121024,107,137
260,20121025,86,133
260,20121026,1,86
260,20121027,-16,82
260,20121028,-28,102
260,20121029,54,95
260,20121030,32,96
260,20121031,35,125
260,20121101,62,106
260,20121102,48,100
260,20121103,33,89
260,20121104,12,93
260,20121105,34,104
260,20121106,-3,113
260,20121107,94,108
260,20121108,90,117
260,20121109,79,107
260,20121110,80,113
260,20121111,67,115
260,20121112,46,77
260,20121113,71,104
260,20121114,10,126
260,20121115,0,55
260,20121116,18,51
260,20121117,19,84
260,20121118,-12,103
260,20121119,-15,102
260,20121120,60,123
260,20121121,33,106
260,20121122,58,113
260,20121123,29,82
260,20121124,6,93
260,20121125,75,131
260,20121126,52,99
260,20121127,20,87
260,20121128,-3,93
260,20121129,10,70
260,20121130,-28,70
260,20121201,26,52
260,20121202,-15,58
260,20121203,-11,72
260,20121204,-1,67
260,20121205,-12,37
260,20121206,-31,36
260,20121207,-12,16
260,20121208,-83,20
260,20121209,18,84
260,20121210,-3,62
260,20121211,-19,33
260,20121212,-5,42
260,20121213,-26,5
260,20121214,3,96
260,20121215,69,97
260,20121216,45,80
260,20121217,42,78
260,20121218,41,71
260,20121219,41,61
260,20121220,26,42
260,20121221,26,79
260,20121222,67,104
260,20121223,99,130
260,20121224,74,127
260,20121225,74,105
260,20121226,63,94
260,20121227,45,98
260,20121228,20,105
260,20121229,92,120
260,20121230,57,94
260,20121231,87,104
260,20130101,49,88
260,20130102,41,86
260,20130103,76,116
260,20130104,83,103
260,20130105,74,88
260,20130106,69,101
260,20130107,61,84
260,20130108,60,84
260,20130109,40,79
260,20130110,-5,77
260,20130111,-24,38
260,20130112,-25,32
260,20130113,-51,6
260,20130114,-74,-19
260,20130115,-58,-16
260,20130116,-129,-17
260,20130117,-74,-28
260,20130118,-34,-1
260,20130119,-52,-24
260,20130120,-59,-27
260,20130121,-28,-11
260,20130122,-84,-13
260,20130123,-93,-28
260,20130124,-69,-4
260,20130125,-114,-19
260,20130126,-44,15
260,20130127,13,61
260,20130128,27,83
260,20130129,83,130
260,20130130,77,130
260,20130131,64,101
260,20130201,18,74
260,20130202,12,62
260,20130203,22,74
260,20130204,66,102
260,20130205,9,67
260,20130206,2,57
260,20130207,4,55
260,20130208,-16,42
260,20130209,-30,11
260,20130210,-18,11
260,20130211,-36,8
260,20130212,-37,7
260,20130213,-52,22
260,20130214,-22,13
260,20130215,11,80
260,20130216,24,78
260,20130217,-19,73
260,20130218,-14,71
260,20130219,-17,60
260,20130220,-24,30
260,20130221,-29,11
260,20130222,-40,13
260,20130223,-46,7
260,20130224,-11,9
260,20130225,8,27
260,20130226,8,60
260,20130227,-2,25
260,20130228,6,52
260,20130301,25,50
260,20130302,19,45
260,20130303,-10,62
260,20130304,-24,109
260,20130305,24,159
260,20130306,48,168
260,20130307,73,112
260,20130308,60,131
260,20130309,10,62
260,20130310,-15,10
260,20130311,-30,-12
260,20130312,-69,5
260,20130313,-74,57
260,20130314,-52,36
260,20130315,-54,33
260,20130316,27,77
260,20130317,29,91
260,20130318,13,103
260,20130319,0,66
260,20130320,6,27
260,20130321,-26,59
260,20130322,-29,41
260,20130323,-26,23
260,20130324,-36,30
260,20130325,-24,41
260,20130326,-29,55
260,20130327,-35,63
260,20130328,-31,42
260,20130329,-34,27
260,20130330,-39,48
260,20130331,-53,43
260,20130401,-30,75
260,20130402,-27,84
260,20130403,-5,86
260,20130404,4,47
260,20130405,12,74
260,20130406,-30,91
260,20130407,-24,94
260,20130408,-3,111
260,20130409,22,106
260,20130410,9,110
260,20130411,39,104
260,20130412,45,141
260,20130413,53,149
260,20130414,110,210
260,20130415,58,168
260,20130416,50,172
260,20130417,81,207
260,20130418,84,171
260,20130419,39,121
260,20130420,-18,122
260,20130421,-3,144
260,20130422,-18,152
260,20130423,65,147
260,20130424,59,200
260,20130425,98,228
260,20130426,43,124
260,20130427,11,110
260,20130428,7,128
260,20130429,27,128
260,20130430,24,132
260,20130501,24,174
260,20130502,59,170
260,20130503,52,190
260,20130504,36,174
260,20130505,72,188
260,20130506,46,231
260,20130507,98,232
260,20130508,126,219
260,20130509,78,170
260,20130510,94,158
260,20130511,80,137
260,20130512,67,131
260,20130513,77,137
260,20130514,61,120
260,20130515,49,172
260,20130516,40,112
260,20130517,81,104
260,20130518,51,128
260,20130519,35,151
260,20130520,101,126
260,20130521,86,115
260,20130522,40,123
260,20130523,40,104
260,20130524,31,125
260,20130525,28,139
260,20130526,80,124
260,20130527,70,195
260,20130528,90,216
260,20130529,101,124
260,20130530,106,168
260,20130531,107,206
260,20130601,84,154
260,20130602,67,177
260,20130603,57,148
260,20130604,79,210
260,20130605,88,219
260,20130606,104,252
260,20130607,109,247
260,20130608,99,198
260,20130609,88,169
260,20130610,67,172
260,20130611,56,216
260,20130612,160,218
260,20130613,133,187
260,20130614,91,191
260,20130615,87,189
260,20130616,87,189
260,20130617,77,240
260,20130618,140,304
260,20130619,176,264
260,20130620,168,228
260,20130621,152,195
260,20130622,136,192
260,20130623,124,184
260,20130624,115,161
260,20130625,64,174
260,20130626,54,176
260,20130627,106,153
260,20130628,111,171
260,20130629,78,175
260,20130630,74,222
260,20130701,104,193
260,20130702,96,208
260,20130703,148,191
260,20130704,153,225
260,20130705,136,235
260,20130706,114,252
260,20130707,119,251
260,20130708,137,251
260,20130709,127,234
260,20130710,131,195
260,20130711,108,182
260,20130712,73,194
260,20130713,94,218
260,20130714,102,225
260,20130715,114,260
260,20130716,110,260
260,20130717,151,263
260,20130718,153,271
260,20130719,131,257
260,20130720,139,226
260,20130721,152,304
260,20130722,152,326
260,20130723,158,316
260,20130724,140,269
260,20130725,125,290
260,20130726,152,269
260,20130727,170,254
260,20130728,146,234
260,20130729,148,243
260,20130730,159,205
260,20130731,175,225
260,20130801,194,307
260,20130802,196,340
260,20130803,127,234
260,20130804,121,262
260,20130805,123,292
260,20130806,139,222
260,20130807,129,171
260,20130808,111,219
260,20130809,97,232
260,20130810,100,199
260,20130811,116,219
260,20130812,113,211
260,20130813,93,197
260,20130814,91,218
260,20130815,80,207
260,20130816,125,269
260,20130817,166,229
260,20130818,138,226
260,20130819,103,211
260,20130820,84,212
260,20130821,104,240
260,20130822,105,216
260,20130823,136,262
260,20130824,152,235
260,20130825,137,224
260,20130826,128,240
260,20130827,102,242
260,20130828,100,241
260,20130829,92,242
260,20130830,100,233
260,20130831,87,211
260,20130901,72,179
260,20130902,136,196
260,20130903,136,236
260,20130904,122,260
260,20130905,143,303
260,20130906,134,279
260,20130907,130,198
260,20130908,119,186
260,20130909,107,178
260,20130910,107,159
260,20130911,103,194
260,20130912,115,196
260,20130913,90,178
260,20130914,98,179
260,20130915,73,172
260,20130916,80,157
260,20130917,86,143
260,20130918,89,157
260,20130919,93,153
260,20130920,76,168
260,20130921,69,177
260,20130922,140,211
260,20130923,102,200
260,20130924,124,182
260,20130925,101,186
260,20130926,73,164
260,20130927,56,167
260,20130928,63,174
260,20130929,85,179
260,20130930,68,165
260,20131001,52,165
260,20131002,51,152
260,20131003,74,175
260,20131004,109,219
260,20131005,91,194
260,20131006,68,180
260,20131007,53,176
260,20131008,71,182
260,20131009,82,158
260,20131010,61,130
260,20131011,62,86
260,20131012,41,109
260,20131013,76,93
260,20131014,89,112
260,20131015,56,118
260,20131016,40,142
260,20131017,63,161
260,20131018,62,135
260,20131019,96,167
260,20131020,123,187
260,20131021,120,176
260,20131022,127,218
260,20131023,123,188
260,20131024,70,168
260,20131025,97,180
260,20131026,144,195
260,20131027,126,156
260,20131028,104,174
260,20131029,79,135
260,20131030,72,136
260,20131031,71,133
260,20131101,97,126
260,20131102,86,127
260,20131103,74,110
260,20131104,73,124
260,20131105,53,95
260,20131106,70,143
260,20131107,92,143
260,20131108,57,111
260,20131109,53,108
260,20131110,8,101
260,20131111,-4,95
260,20131112,27,87
260,20131113,-2,119
260,20131114,49,83
260,20131115,4,116
260,20131116,42,65
260,20131117,53,73
260,20131118,38,66
260,20131119,8,87
260,20131120,-19,61
260,20131121,8,51
260,20131122,15,59
260,20131123,4,81
260,20131124,32,84
260,20131125,31,80
260,20131126,18,75
260,20131127,5,85
260,20131128,73,104
260,20131129,54,88
260,20131130,21,98
260,20131201,17,93
260,20131202,-18,83
260,20131203,-31,62
260,20131204,22,84
260,20131205,25,91
260,20131206,14,54
260,20131207,34,81
260,20131208,65,96
260,20131209,74,111
260,20131210,4,91
260,20131211,-13,41
260,20131212,-1,52
260,20131213,-2,44
260,20131214,29,88
260,20131215,66,90
260,20131216,79,127
260,20131217,52,106
260,20131218,61,89
260,20131219,31,94
260,20131220,38,83
260,20131221,61,74
260,20131222,66,106
260,20131223,49,116
260,20131224,71,115
260,20131225,17,87
260,20131226,17,70
260,20131227,28,92
260,20131228,48,91
260,20131229,27,79
260,20131230,21,75
260,20131231,52,90
260,20140101,48,99
260,20140102,55,103
260,20140103,56,122
260,20140104,59,93
260,20140105,41,84
260,20140106,70,145
260,20140107,94,123
260,20140108,62,100
260,20140109,68,121
260,20140110,46,88
260,20140111,33,78
260,20140112,-20,62
260,20140113,22,99
260,20140114,22,71
260,20140115,24,64
260,20140116,59,89
260,20140117,61,90
260,20140118,55,86
260,20140119,46,71
260,20140120,14,60
260,20140121,17,54
260,20140122,20,43
260,20140123,16,52
260,20140124,23,67
260,20140125,24,63
260,20140126,37,68
260,20140127,25,62
260,20140128,23,68
260,20140129,-21,25
260,20140130,-24,50
260,20140131,-30,74
260,20140201,43,84
260,20140202,26,80
260,20140203,5,82
260,20140204,23,94
260,20140205,40,104
260,20140206,57,96
260,20140207,44,103
260,20140208,42,90
260,20140209,44,76
260,20140210,23,90
260,20140211,39,83
260,20140212,31,91
260,20140213,31,69
260,20140214,21,88
260,20140215,75,134
260,20140216,-1,94
260,20140217,3,104
260,20140218,35,80
260,20140219,61,110
260,20140220,54,100
260,20140221,46,103
260,20140222,42,103
260,20140223,37,118
260,20140224,38,126
260,20140225,54,126
260,20140226,37,111
260,20140227,20,78
260,20140228,19,85
260,20140301,43,82
260,20140302,26,98
260,20140303,6,99
260,20140304,-1,107
260,20140305,-5,126
260,20140306,-7,137
260,20140307,27,128
260,20140308,-15,160
260,20140309,41,195
260,20140310,15,180
260,20140311,61,144
260,20140312,18,168
260,20140313,-7,168
260,20140314,-1,120
260,20140315,86,118
260,20140316,94,122
260,20140317,75,120
260,20140318,75,105
260,20140319,88,159
260,20140320,48,212
260,20140321,42,110
260,20140322,36,105
260,20140323,10,95
260,20140324,-7,109
260,20140325,-23,108
260,20140326,3,96
260,20140327,14,137
260,20140328,50,173
260,20140329,37,192
260,20140330,35,202
260,20140331,94,204
260,20140401,64,204
260,20140402,45,215
260,20140403,78,227
260,20140404,112,152
260,20140405,60,177
260,20140406,55,177
260,20140407,119,212
260,20140408,63,138
260,20140409,60,148
260,20140410,102,154
260,20140411,59,153
260,20140412,20,158
260,20140413,82,131
260,20140414,55,117
260,20140415,32,107
260,20140416,-9,143
260,20140417,24,176
260,20140418,58,121
260,20140419,62,166
260,20140420,100,207
260,20140421,90,158
260,20140422,67,190
260,20140423,51,211
260,20140424,69,205
260,20140425,107,237
260,20140426,104,176
260,20140427,86,153
260,20140428,82,169
260,20140429,118,175
260,20140430,106,179
260,20140501,101,183
260,20140502,64,122
260,20140503,17,137
260,20140504,0,137
260,20140505,31,184
260,20140506,115,178
260,20140507,106,162
260,20140508,113,134
260,20140509,91,161
260,20140510,98,156
260,20140511,90,117
260,20140512,60,146
260,20140513,55,150
260,20140514,37,139
260,20140515,44,150
260,20140516,34,183
260,20140517,51,207
260,20140518,74,231
260,20140519,92,243
260,20140520,136,271
260,20140521,126,215
260,20140522,149,230
260,20140523,126,207
260,20140524,107,196
260,20140525,97,213
260,20140526,122,223
260,20140527,135,174
260,20140528,117,146
260,20140529,75,118
260,20140530,43,169
260,20140531,54,194
260,20140601,69,187
260,20140602,56,206
260,20140603,64,210
260,20140604,106,178
260,20140605,88,178
260,20140606,62,229
260,20140607,117,276
260,20140608,152,248
260,20140609,160,271
260,20140610,162,258
260,20140611,104,219
260,20140612,88,229
260,20140613,113,222
260,20140614,137,189
260,20140615,108,201
260,20140616,99,178
260,20140617,105,193
260,20140618,78,200
260,20140619,104,161
260,20140620,88,180
260,20140621,91,209
260,20140622,88,206
260,20140623,70,213
260,20140624,119,213
260,20140625,106,192
260,20140626,106,222
260,20140627,127,215
260,20140628,144,210
260,20140629,124,192
260,20140630,78,186
260,20140701,69,193
260,20140702,62,209
260,20140703,90,262
260,20140704,105,289
260,20140705,174,228
260,20140706,145,244
260,20140707,124,235
260,20140708,130,170
260,20140709,130,178
260,20140710,160,276
260,20140711,168,238
260,20140712,162,245
260,20140713,155,231
260,20140714,133,227
260,20140715,139,224
260,20140716,132,258
260,20140717,146,283
260,20140718,172,311
260,20140719,182,329
260,20140720,188,272
260,20140721,180,212
260,20140722,191,272
260,20140723,191,284
260,20140724,166,263
260,20140725,166,221
260,20140726,167,251
260,20140727,184,262
260,20140728,176,235
260,20140729,173,259
260,20140730,125,235
260,20140731,113,244
260,20140801,126,259
260,20140802,155,276
260,20140803,148,253
260,20140804,123,233
260,20140805,105,243
260,20140806,130,213
260,20140807,142,230
260,20140808,139,223
260,20140809,143,231
260,20140810,138,225
260,20140811,147,207
260,20140812,141,202
260,20140813,126,217
260,20140814,132,203
260,20140815,120,197
260,20140816,117,187
260,20140817,119,167
260,20140818,97,173
260,20140819,95,159
260,20140820,84,178
260,20140821,78,182
260,20140822,106,171
260,20140823,81,174
260,20140824,73,177
260,20140825,73,169
260,20140826,104,165
260,20140827,64,207
260,20140828,114,214
260,20140829,133,212
260,20140830,142,186
260,20140831,104,190
260,20140901,87,212
260,20140902,120,212
260,20140903,106,212
260,20140904,130,235
260,20140905,121,228
260,20140906,130,205
260,20140907,106,216
260,20140908,79,205
260,20140909,99,178
260,20140910,92,184
260,20140911,94,204
260,20140912,76,216
260,20140913,140,211
260,20140914,113,209
260,20140915,106,228
260,20140916,114,246
260,20140917,113,252
260,20140918,122,253
260,20140919,134,244
260,20140920,132,240
260,20140921,126,192
260,20140922,63,175
260,20140923,44,177
260,20140924,110,165
260,20140925,101,178
260,20140926,106,194
260,20140927,79,202
260,20140928,83,220
260,20140929,119,193
260,20140930,118,209
260,20141001,101,207
260,20141002,135,192
260,20141003,99,222
260,20141004,117,211
260,20141005,117,152
260,20141006,123,161
260,20141007,93,156
260,20141008,87,166
260,20141009,127,180
260,20141010,76,178
260,20141011,66,157
260,20141012,64,162
260,20141013,120,185
260,20141014,100,136
260,20141015,115,184
260,20141016,118,180
260,20141017,118,188
260,20141018,128,230
260,20141019,148,215
260,20141020,139,177
260,20141021,76,140
260,20141022,63,135
260,20141023,94,151
260,20141024,108,126
260,20141025,96,153
260,20141026,95,159
260,20141027,98,170
260,20141028,75,140
260,20141029,88,128
260,20141030,115,156
260,20141031,105,166
260,20141101,102,185
260,20141102,127,174
260,20141103,94,153
260,20141104,55,109
260,20141105,35,95
260,20141106,45,82
260,20141107,45,98
260,20141108,81,129
260,20141109,72,128
260,20141110,59,126
260,20141111,57,129
260,20141112,41,122
260,20141113,36,133
260,20141114,69,124
260,20141115,75,110
260,20141116,71,92
260,20141117,81,123
260,20141118,73,83
260,20141119,73,91
260,20141120,52,80
260,20141121,16,90
260,20141122,45,118
260,20141123,80,135
260,20141124,3,113
260,20141125,-14,91
260,20141126,24,64
260,20141127,61,88
260,20141128,26,95
260,20141129,11,49
260,20141130,18,31
260,20141201,10,24
260,20141202,-1,14
260,20141203,-30,10
260,20141204,-27,15
260,20141205,14,53
260,20141206,-18,91
260,20141207,-28,67
260,20141208,15,49
260,20141209,-21,49
260,20141210,44,99
260,20141211,45,77
260,20141212,45,94
260,20141213,8,68
260,20141214,-6,48
260,20141215,32,79
260,20141216,18,78
260,20141217,39,106
260,20141218,101,125
260,20141219,73,124
260,20141220,56,91
260,20141221,52,103
260,20141222,93,128
260,20141223,96,128
260,20141224,61,100
260,20141225,-3,79
260,20141226,-27,52
260,20141227,-16,29
260,20141228,-33,34
260,20141229,11,56
260,20141230,34,65
260,20141231,25,76
260,20150101,10,47
260,20150102,44,101
260,20150103,26,59
260,20150104,-3,80
260,20150105,9,38
260,20150106,6,58
260,20150107,24,72
260,20150108,36,82
260,20150109,58,137
260,20150110,54,133
260,20150111,49,82
260,20150112,64,102
260,20150113,41,110
260,20150114,31,60
260,20150115,58,103
260,20150116,27,83
260,20150117,-9,59
260,20150118,10,33
260,20150119,5,16
260,20150120,-22,37
260,20150121,-19,15
260,20150122,-29,4
260,20150123,-57,-13
260,20150124,-17,68
260,20150125,-21,56
260,20150126,41,83
260,20150127,30,77
260,20150128,30,72
260,20150129,2,45
260,20150130,-3,44
260,20150131,-25,44
260,20150201,-15,57
260,20150202,6,55
260,20150203,-16,63
260,20150204,-40,53
260,20150205,-38,20
260,20150206,-20,31
260,20150207,-51,55
260,20150208,34,67
260,20150209,44,72
260,20150210,46,72
260,20150211,31,54
260,20150212,-3,45
260,20150213,-3,99
260,20150214,47,102
260,20150215,-35,67
260,20150216,-49,77
260,20150217,-30,90
260,20150218,-34,81
260,20150219,-3,74
260,20150220,34,65
260,20150221,4,63
260,20150222,-18,68
260,20150223,27,98
260,20150224,35,89
260,20150225,16,87
260,20150226,37,83
260,20150227,-3,82
260,20150228,-5,91
260,20150301,60,107
260,20150302,16,84
260,20150303,30,75
260,20150304,28,76
260,20150305,11,103
260,20150306,46,90
260,20150307,40,139
260,20150308,40,157
260,20150309,67,113
260,20150310,-7,113
260,20150311,-20,95
260,20150312,-29,127
260,20150313,7,92
260,20150314,7,53
260,20150315,45,68
260,20150316,6,128
260,20150317,-17,178
260,20150318,6,88
260,20150319,7,126
260,20150320,6,93
260,20150321,39,93
260,20150322,-15,86
260,20150323,-29,93
260,20150324,-21,115
260,20150325,50,69
260,20150326,3,73
260,20150327,-4,89
260,20150328,-6,117
260,20150329,75,113
260,20150330,53,91
260,20150331,58,111
260,20150401,34,91
260,20150402,41,86
260,20150403,45,95
260,20150404,18,94
260,20150405,-22,113
260,20150406,16,117
260,20150407,6,132
260,20150408,39,142
260,20150409,19,181
260,20150410,27,196
260,20150411,26,136
260,20150412,21,155
260,20150413,41,128
260,20150414,32,200
260,20150415,54,230
260,20150416,64,134
260,20150417,52,129
260,20150418,41,144
260,20150419,-6,152
260,20150420,43,171
260,20150421,22,174
260,20150422,34,121
260,20150423,37,155
260,20150424,15,204
260,20150425,86,150
260,20150426,79,139
260,20150427,-3,126
260,20150428,-22,118
260,20150429,14,147
260,20150430,58,142
260,20150501,31,133
260,20150502,4,158
260,20150503,69,170
260,20150504,117,194
260,20150505,86,222
260,20150506,85,155
260,20150507,75,162
260,20150508,78,194
260,20150509,91,161
260,20150510,42,191
260,20150511,91,256
260,20150512,112,175
260,20150513,76,181
260,20150514,59,167
260,20150515,39,144
260,20150516,41,149
260,20150517,68,162
260,20150518,77,140
260,20150519,74,137
260,20150520,67,147
260,20150521,25,174
260,20150522,86,199
260,20150523,60,157
260,20150524,25,199
260,20150525,97,153
260,20150526,75,158
260,20150527,54,189
260,20150528,57,165
260,20150529,56,158
260,20150530,66,154
260,20150531,79,165
260,20150601,61,161
260,20150602,111,177
260,20150603,63,177
260,20150604,46,220
260,20150605,95,318
260,20150606,85,189
260,20150607,71,189
260,20150608,79,172
260,20150609,75,150
260,20150610,89,208
260,20150611,93,240
260,20150612,128,274
260,20150613,141,213
260,20150614,123,195
260,20150615,76,175
260,20150616,45,177
260,20150617,53,227
260,20150618,115,166
260,20150619,103,153
260,20150620,97,163
260,20150621,121,185
260,20150622,76,153
260,20150623,94,151
260,20150624,117,215
260,20150625,114,240
260,20150626,134,250
260,20150627,103,218
260,20150628,88,232
260,20150629,112,242
260,20150630,97,273
260,20150701,158,331
260,20150702,190,331
260,20150703,169,291
260,20150704,179,327
260,20150705,157,282
260,20150706,139,238
260,20150707,125,258
260,20150708,127,196
260,20150709,72,176
260,20150710,68,226
260,20150711,139,287
260,20150712,156,204
260,20150713,163,196
260,20150714,140,213
260,20150715,144,211
260,20150716,120,251
260,20150717,175,256
260,20150718,145,221
260,20150719,119,205
260,20150720,96,214
260,20150721,175,254
260,20150722,163,231
260,20150723,136,217
260,20150724,134,233
260,20150725,112,183
260,20150726,86,209
260,20150727,142,197
260,20150728,125,189
260,20150729,109,176
260,20150730,76,181
260,20150731,51,194
260,20150801,61,220
260,20150802,77,242
260,20150803,124,300
260,20150804,138,215
260,20150805,103,250
260,20150806,133,284
260,20150807,126,270
260,20150808,130,230
260,20150809,103,243
260,20150810,147,252
260,20150811,137,254
260,20150812,163,230
260,20150813,146,284
260,20150814,169,254
260,20150815,158,221
260,20150816,129,166
260,20150817,129,152
260,20150818,134,168
260,20150819,116,225
260,20150820,104,249
260,20150821,137,253
260,20150822,141,265
260,20150823,149,259
260,20150824,133,231
260,20150825,140,199
260,20150826,165,252
260,20150827,135,185
260,20150828,98,209
260,20150829,81,236
260,20150830,145,253
260,20150831,175,265
260,20150901,120,195
260,20150902,79,188
260,20150903,66,171
260,20150904,116,166
260,20150905,93,169
260,20150906,91,170
260,20150907,123,169
260,20150908,82,169
260,20150909,71,185
260,20150910,91,196
260,20150911,93,201
260,20150912,113,202
260,20150913,125,194
260,20150914,113,198
260,20150915,98,159
260,20150916,110,192
260,20150917,125,164
260,20150918,99,184
260,20150919,85,175
260,20150920,71,181
260,20150921,110,186
260,20150922,91,174
260,20150923,104,173
260,20150924,108,157
260,20150925,52,168
260,20150926,34,168
260,20150927,46,175
260,20150928,44,160
260,20150929,58,174
260,20150930,81,175
260,20151001,49,169
260,20151002,33,183
260,20151003,44,188
260,20151004,46,179
260,20151005,57,169
260,20151006,131,176
260,20151007,137,176
260,20151008,58,159
260,20151009,40,163
260,20151010,59,143
260,20151011,23,115
260,20151012,9,102
260,20151013,12,59
260,20151014,20,80
260,20151015,28,80
260,20151016,67,84
260,20151017,73,90
260,20151018,37,109
260,20151019,52,125
260,20151020,51,126
260,20151021,47,125
260,20151022,72,148
260,20151023,68,141
260,20151024,101,138
260,20151025,30,143
260,20151026,30,158
260,20151027,59,173
260,20151028,72,133
260,20151029,49,156
260,20151030,65,150
260,20151031,65,143
260,20151101,30,160
260,20151102,9,159
260,20151103,13,157
260,20151104,77,154
260,20151105,112,154
260,20151106,139,171
260,20151107,141,185
260,20151108,76,173
260,20151109,120,160
260,20151110,133,156
260,20151111,116,138
260,20151112,117,153
260,20151113,77,136
260,20151114,77,119
260,20151115,119,150
260,20151116,113,137
260,20151117,109,156
260,20151118,110,145
260,20151119,82,138
260,20151120,48,97
260,20151121,8,63
260,20151122,0,57
260,20151123,-26,80
260,20151124,31,66
260,20151125,22,79
260,20151126,0,96
260,20151127,8,65
260,20151128,45,87
260,20151129,74,125
260,20151130,65,126
260,20151201,68,124
260,20151202,94,119
260,20151203,84,127
260,20151204,82,112
260,20151205,72,91
260,20151206,74,124
260,20151207,88,124
260,20151208,73,120
260,20151209,54,99
260,20151210,49,77
260,20151211,54,88
260,20151212,33,117
260,20151213,39,117
260,20151214,64,100
260,20151215,48,91
260,20151216,89,129
260,20151217,124,153
260,20151218,106,130
260,20151219,106,141
260,20151220,97,137
260,20151221,84,118
260,20151222,103,144
260,20151223,73,133
260,20151224,64,134
260,20151225,65,140
260,20151226,111,144
260,20151227,102,131
260,20151228,65,121
260,20151229,54,103
260,20151230,49,91
260,20151231,55,105
260,20160101,-2,75
260,20160102,46,63
260,20160103,52,82
260,20160104,38,70
260,20160105,47,77
260,20160106,16,47
260,20160107,35,79
260,20160108,14,83
260,20160109,10,79
260,20160110,50,90
260,20160111,21,67
260,20160112,47,72
260,20160113,24,70
260,20160114,16,53
260,20160115,-12,40
260,20160116,-16,56
260,20160117,-56,30
260,20160118,-67,0
260,20160119,-80,7
260,20160120,-37,53
260,20160121,-43,15
260,20160122,-22,57
260,20160123,28,90
260,20160124,50,104
260,20160125,74,146
260,20160126,66,111
260,20160127,86,124
260,20160128,49,90
260,20160129,53,100
260,20160130,51,99
260,20160131,36,108
260,20160201,106,119
260,20160202,65,114
260,20160203,31,70
260,20160204,29,77
260,20160205,50,109
260,20160206,83,106
260,20160207,66,111
260,20160208,70,99
260,20160209,33,82
260,20160210,18,83
260,20160211,-16,83
260,20160212,-17,66
260,20160213,-20,44
260,20160214,5,26
260,20160215,-31,56
260,20160216,-50,61
260,20160217,-52,35
260,20160218,-23,31
260,20160219,12,83
260,20160220,50,111
260,20160221,86,116
260,20160222,44,113
260,20160223,8,79
260,20160224,-14,65
260,20160225,-10,54
260,20160226,-7,55
260,20160227,-16,63
260,20160228,-17,66
260,20160229,-43,67
260,20160301,-54,86
260,20160302,27,90
260,20160303,-4,84
260,20160304,-25,32
260,20160305,-45,64
260,20160306,7,73
260,20160307,-8,78
260,20160308,-22,83
260,20160309,14,81
260,20160310,-12,92
260,20160311,-15,85
260,20160312,-27,101
260,20160313,-16,99
260,20160314,-20,104
260,20160315,-6,83
260,20160316,-2,90
260,20160317,0,120
260,20160318,24,68
260,20160319,51,75
260,20160320,42,96
260,20160321,58,93
260,20160322,46,101
260,20160323,62,101
260,20160324,66,99
260,20160325,0,96
260,20160326,6,149
260,20160327,55,133
260,20160328,75,129
260,20160329,55,112
260,20160330,43,117
260,20160331,31,116
260,20160401,12,130
260,20160402,37,134
260,20160403,121,204
260,20160404,75,158
260,20160405,80,133
260,20160406,68,117
260,20160407,53,104
260,20160408,16,115
260,20160409,10,149
260,20160410,52,157
260,20160411,73,182
260,20160412,50,167
260,20160413,36,158
260,20160414,29,167
260,20160415,89,141
260,20160416,54,118
260,20160417,10,106
260,20160418,-1,130
260,20160419,40,136
260,20160420,30,138
260,20160421,27,166
260,20160422,57,125
260,20160423,30,93
260,20160424,21,88
260,20160425,17,80
260,20160426,13,77
260,20160427,32,107
260,20160428,7,93
260,20160429,46,106
260,20160430,28,112
260,20160501,-1,141
260,20160502,16,179
260,20160503,30,140
260,20160504,17,160
260,20160505,29,188
260,20160506,81,236
260,20160507,94,258
260,20160508,127,252
260,20160509,142,253
260,20160510,154,221
260,20160511,141,255
260,20160512,144,251
260,20160513,97,222
260,20160514,64,121
260,20160515,53,121
260,20160516,40,136
260,20160517,50,181
260,20160518,83,187
260,20160519,104,173
260,20160520,107,186
260,20160521,107,234
260,20160522,129,190
260,20160523,105,133
260,20160524,98,146
260,20160525,77,145
260,20160526,56,193
260,20160527,106,209
260,20160528,112,227
260,20160529,140,205
260,20160530,153,180
260,20160531,131,226
260,20160601,154,243
260,20160602,137,172
260,20160603,137,214
260,20160604,141,275
260,20160605,137,256
260,20160606,117,256
260,20160607,153,265
260,20160608,127,216
260,20160609,110,203
260,20160610,108,212
260,20160611,120,208
260,20160612,135,211
260,20160613,146,190
260,20160614,111,191
260,20160615,113,187
260,20160616,92,211
260,20160617,111,195
260,20160618,99,171
260,20160619,121,189
260,20160620,141,168
260,20160621,134,201
260,20160622,147,249
260,20160623,182,284
260,20160624,133,227
260,20160625,109,193
260,20160626,121,183
260,20160627,109,189
260,20160628,92,218
260,20160629,132,202
260,20160630,144,192
260,20160701,143,198
260,20160702,120,187
260,20160703,99,198
260,20160704,86,228
260,20160705,115,181
260,20160706,94,194
260,20160707,83,221
260,20160708,151,212
260,20160709,146,236
260,20160710,159,274
260,20160711,162,217
260,20160712,125,203
260,20160713,111,183
260,20160714,87,192
260,20160715,91,213
260,20160716,169,226
260,20160717,145,238
260,20160718,132,265
260,20160719,120,295
260,20160720,188,329
260,20160721,164,274
260,20160722,168,261
260,20160723,176,253
260,20160724,155,255
260,20160725,126,224
260,20160726,114,234
260,20160727,160,213
260,20160728,154,235
260,20160729,154,212
260,20160730,160,209
260,20160731,129,205
260,20160801,131,210
260,20160802,136,186
260,20160803,164,217
260,20160804,150,208
260,20160805,129,216
260,20160806,105,224
260,20160807,105,228
260,20160808,125,205
260,20160809,103,185
260,20160810,69,168
260,20160811,67,163
260,20160812,163,226
260,20160813,143,215
260,20160814,96,217
260,20160815,82,217
260,20160816,114,210
260,20160817,100,234
260,20160818,97,242
260,20160819,98,243
260,20160820,148,229
260,20160821,147,198
260,20160822,142,227
260,20160823,140,269
260,20160824,170,302
260,20160825,172,310
260,20160826,176,262
260,20160827,161,265
260,20160828,177,246
260,20160829,100,214
260,20160830,85,238
260,20160831,86,254
260,20160901,102,229
260,20160902,97,217
260,20160903,144,229
260,20160904,157,213
260,20160905,115,228
260,20160906,113,242
260,20160907,114,268
260,20160908,116,276
260,20160909,117,229
260,20160910,113,257
260,20160911,148,217
260,20160912,150,281
260,20160913,152,312
260,20160914,153,314
260,20160915,165,290
260,20160916,155,212
260,20160917,137,216
260,20160918,142,207
260,20160919,95,198
260,20160920,79,200
260,20160921,83,207
260,20160922,69,213
260,20160923,73,203
260,20160924,83,236
260,20160925,121,243
260,20160926,76,191
260,20160927,56,204
260,20160928,162,216
260,20160929,138,177
260,20160930,108,187
260,20161001,99,176
260,20161002,88,157
260,20161003,111,190
260,20161004,99,173
260,20161005,54,141
260,20161006,39,127
260,20161007,100,145
260,20161008,65,142
260,20161009,13,145
260,20161010,19,135
260,20161011,3,131
260,20161012,68,110
260,20161013,77,114
260,20161014,73,134
260,20161015,89,137
260,20161016,82,188
260,20161017,82,163
260,20161018,75,128
260,20161019,44,120
260,20161020,27,120
260,20161021,15,127
260,20161022,10,104
260,20161023,-7,116
260,20161024,41,95
260,20161025,79,101
260,20161026,40,126
260,20161027,104,138
260,20161028,103,148
260,20161029,52,154
260,20161030,41,153
260,20161031,29,162
260,20161101,40,138
260,20161102,22,117
260,20161103,8,120
260,20161104,63,97
260,20161105,49,108
260,20161106,24,93
260,20161107,-1,57
260,20161108,-29,56
260,20161109,5,43
260,20161110,31,52
260,20161111,-31,58
260,20161112,-33,50
260,20161113,-10,47
260,20161114,-23,69
260,20161115,69,129
260,20161116,93,142
260,20161117,76,115
260,20161118,32,82
260,20161119,40,81
260,20161120,48,125
260,20161121,81,139
260,20161122,65,136
260,20161123,37,111
260,20161124,30,87
260,20161125,-6,84
260,20161126,-26,36
260,20161127,-10,94
260,20161128,-41,42
260,20161129,-70,43
260,20161130,-70,68
260,20161201,51,94
260,20161202,-25,94
260,20161203,-43,81
260,20161204,-50,40
260,20161205,-69,41
260,20161206,-53,54
260,20161207,18,95
260,20161208,64,96
260,20161209,74,104
260,20161210,66,92
260,20161211,69,96
260,20161212,8,76
260,20161213,53,75
260,20161214,48,91
260,20161215,52,79
260,20161216,27,75
260,20161217,32,85
260,20161218,26,91
260,20161219,-2,75
260,20161220,-27,10
260,20161221,0,71
260,20161222,48,69
260,20161223,43,80
260,20161224,61,97
260,20161225,81,117
260,20161226,61,118
260,20161227,30,93
260,20161228,-31,43
260,20161229,-40,-8
260,20161230,-40,15
260,20161231,8,33
260,20170101,-8,19
260,20170102,-3,68
260,20170103,15,71
260,20170104,26,73
260,20170105,-59,33
260,20170106,-65,-3
260,20170107,-21,34
260,20170108,28,61
260,20170109,33,59
260,20170110,29,66
260,20170111,57,104
260,20170112,2,74
260,20170113,2,56
260,20170114,1,48
260,20170115,-18,48
260,20170116,-44,12
260,20170117,-50,13
260,20170118,-53,-19
260,20170119,-56,31
260,20170120,-52,51
260,20170121,-52,50
260,20170122,-74,37
260,20170123,-3,31
260,20170124,0,21
260,20170125,-43,6
260,20170126,-53,6
260,20170127,-70,51
260,20170128,20,81
260,20170129,31,65
260,20170130,28,72
260,20170131,26,61
260,20170201,5,54
260,20170202,52,125
260,20170203,63,119
260,20170204,26,74
260,20170205,-11,77
260,20170206,-10,66
260,20170207,9,39
260,20170208,-11,9
260,20170209,-30,-10
260,20170210,-45,-13
260,20170211,-17,10
260,20170212,-6,25
260,20170213,-14,71
260,20170214,-5,94
260,20170215,3,135
260,20170216,55,99
260,20170217,52,86
260,20170218,32,103
260,20170219,32,92
260,20170220,72,109
260,20170221,86,111
260,20170222,78,108
260,20170223,42,105
260,20170224,-6,87
260,20170225,18,89
260,20170226,67,106
260,20170227,43,106
260,20170228,32,65
260,20170301,32,94
260,20170302,42,82
260,20170303,12,88
260,20170304,62,132
260,20170305,38,106
260,20170306,32,95
260,20170307,45,94
260,20170308,8,106
260,20170309,7,128
260,20170310,-9,112
260,20170311,15,130
260,20170312,14,148
260,20170313,-5,137
260,20170314,32,149
260,20170315,16,139
260,20170316,11,168
260,20170317,67,103
260,20170318,74,127
260,20170319,98,127
260,20170320,88,115
260,20170321,13,98
260,20170322,-3,124
260,20170323,19,140
260,20170324,31,142
260,20170325,21,143
260,20170326,33,130
260,20170327,18,174
260,20170328,6,197
260,20170329,103,147
260,20170330,108,218
260,20170331,89,218
260,20170401,60,141
260,20170402,44,169
260,20170403,27,143
260,20170404,22,165
260,20170405,62,128
260,20170406,38,118
260,20170407,73,138
260,20170408,29,155
260,20170409,8,210
260,20170410,41,155
260,20170411,23,138
260,20170412,83,119
260,20170413,60,133
260,20170414,65,130
260,20170415,65,121
260,20170416,50,108
260,20170417,27,109
260,20170418,8,111
260,20170419,-13,83
260,20170420,-34,129
260,20170421,82,149
260,20170422,40,113
260,20170423,20,114
260,20170424,52,130
260,20170425,21,99
260,20170426,-14,104
260,20170427,-20,109
260,20170428,30,117
260,20170429,5,140
260,20170430,33,184
260,20170501,82,137
260,20170502,47,152
260,20170503,77,152
260,20170504,77,133
260,20170505,66,111
260,20170506,59,188
260,20170507,86,162
260,20170508,43,153
260,20170509,11,138
260,20170510,-1,159
260,20170511,47,228
260,20170512,120,212
260,20170513,85,190
260,20170514,66,199
260,20170515,55,212
260,20170516,152,262
260,20170517,144,284
260,20170518,144,211
260,20170519,105,167
260,20170520,74,173
260,20170521,54,202
260,20170522,81,246
260,20170523,99,210
260,20170524,90,223
260,20170525,92,230
260,20170526,110,266
260,20170527,160,319
260,20170528,149,266
260,20170529,154,286
260,20170530,155,212
260,20170531,107,222
260,20170601,75,234
260,20170602,108,266
260,20170603,143,237
260,20170604,87,195
260,20170605,84,229
260,20170606,110,174
260,20170607,113,174
260,20170608,117,232
260,20170609,130,196
260,20170610,117,239
260,20170611,121,271
260,20170612,145,178
260,20170613,93,208
260,20170614,75,244
260,20170615,120,264
260,20170616,129,180
260,20170617,129,232
260,20170618,111,278
260,20170619,137,309
260,20170620,149,274
260,20170621,131,291
260,20170622,171,308
260,20170623,168,232
260,20170624,163,179
260,20170625,154,190
260,20170626,123,206
260,20170627,113,218
260,20170628,150,219
260,20170629,133,217
260,20170630,116,208
260,20170701,139,210
260,20170702,89,196
260,20170703,81,220
260,20170704,150,232
260,20170705,120,248
260,20170706,108,265
260,20170707,153,260
260,20170708,113,245
260,20170709,91,232
260,20170710,140,259
260,20170711,153,207
260,20170712,89,182
260,20170713,74,205
260,20170714,80,186
260,20170715,109,215
260,20170716,160,221
260,20170717,130,231
260,20170718,120,252
260,20170719,180,294
260,20170720,135,242
260,20170721,128,227
260,20170722,145,242
260,20170723,132,191
260,20170724,119,202
260,20170725,140,200
260,20170726,138,236
260,20170727,162,214
260,20170728,148,210
260,20170729,162,205
260,20170730,133,229
260,20170731,126,228
260,20170801,125,227
260,20170802,135,220
260,20170803,165,225
260,20170804,154,218
260,20170805,106,204
260,20170806,90,217
260,20170807,88,226
260,20170808,141,196
260,20170809,123,213
260,20170810,97,205
260,20170811,120,203
260,20170812,125,216
260,20170813,100,215
260,20170814,105,241
260,20170815,136,218
260,20170816,116,233
260,20170817,121,199
260,20170818,130,201
260,20170819,127,196
260,20170820,115,198
260,20170821,112,208
260,20170822,129,235
260,20170823,129,250
260,20170824,111,222
260,20170825,102,234
260,20170826,100,250
260,20170827,110,247
260,20170828,106,268
260,20170829,122,290
260,20170830,135,225
260,20170831,95,197
260,20170901,98,193
260,20170902,77,194
260,20170903,57,200
260,20170904,84,216
260,20170905,158,217
260,20170906,136,183
260,20170907,130,185
260,20170908,139,158
260,20170909,82,177
260,20170910,82,177
260,20170911,117,174
260,20170912,122,183
260,20170913,108,176
260,20170914,102,144
260,20170915,97,164
260,20170916,62,129
260,20170917,48,172
260,20170918,74,162
260,20170919,80,174
260,20170920,80,175
260,20170921,89,186
260,20170922,58,192
260,20170923,39,183
260,20170924,45,204
260,20170925,97,181
260,20170926,86,172
260,20170927,66,202
260,20170928,127,206
260,20170929,127,227
260,20170930,77,157
260,20171001,97,174
260,20171002,134,179
260,20171003,118,164
260,20171004,114,152
260,20171005,103,160
260,20171006,95,150
260,20171007,106,143
260,20171008,97,147
260,20171009,101,134
260,20171010,124,158
260,20171011,142,161
260,20171012,108,161
260,20171013,109,182
260,20171014,96,199
260,20171015,93,221
260,20171016,137,244
260,20171017,82,166
260,20171018,104,186
260,20171019,101,204
260,20171020,104,167
260,20171021,104,175
260,20171022,96,132
260,20171023,103,152
260,20171024,130,171
260,20171025,90,171
260,20171026,127,175
260,20171027,99,144
260,20171028,93,153
260,20171029,68,152
260,20171030,45,121
260,20171031,82,112
260,20171101,96,135
260,20171102,38,140
260,20171103,34,124
260,20171104,74,131
260,20171105,50,109
260,20171106,-5,109
260,20171107,-13,98
260,20171108,24,76
260,20171109,62,111
260,20171110,58,118
260,20171111,38,94
260,20171112,32,64
260,20171113,10,103
260,20171114,27,92
260,20171115,85,102
260,20171116,62,107
260,20171117,6,110
260,20171118,35,96
260,20171119,44,99
260,20171120,46,118
260,20171121,106,124
260,20171122,105,133
260,20171123,82,144
260,20171124,43,92
260,20171125,-6,74
260,20171126,30,80
260,20171127,47,91
260,20171128,12,78
260,20171129,6,40
260,20171130,-24,46
260,20171201,-28,31
260,20171202,-12,6
260,20171203,3,66
260,20171204,52,91
260,20171205,54,91
260,20171206,69,92
260,20171207,43,72
260,20171208,3,61
260,20171209,4,46
260,20171210,0,41
260,20171211,-29,16
260,20171212,3,41
260,20171213,8,64
260,20171214,4,54
260,20171215,-2,43
260,20171216,1,62
260,20171217,-28,63
260,20171218,22,80
260,20171219,13,75
260,20171220,49,87
260,20171221,76,93
260,20171222,73,96
260,20171223,80,94
260,20171224,72,96
260,20171225,45,91
260,20171226,46,74
260,20171227,36,66
260,20171228,24,53
260,20171229,-7,67
260,20171230,39,122
260,20171231,85,137
260,20180101,52,88
260,20180102,45,91
260,20180103,54,112
260,20180104,68,107
260,20180105,44,87
260,20180106,22,66
260,20180107,-12,31
260,20180108,-14,39
260,20180109,-2,61
260,20180110,58,76
260,20180111,28,76
260,20180112,41,59
260,20180113,12,62
260,20180114,8,52
260,20180115,17,80
260,20180116,25,69
260,20180117,20,60
260,20180118,5,102
260,20180119,14,69
260,20180120,8,36
260,20180121,-4,69
260,20180122,20,84
260,20180123,46,112
260,20180124,73,144
260,20180125,50,92
260,20180126,25,86
260,20180127,44,72
260,20180128,69,108
260,20180129,46,107
260,20180130,21,74
260,20180131,32,95
260,20180201,19,61
260,20180202,-5,68
260,20180203,-4,46
260,20180204,-4,36
260,20180205,-21,34
260,20180206,-46,20
260,20180207,-68,19
260,20180208,-25,47
260,20180209,-9,22
260,20180210,2,70
260,20180211,21,73
260,20180212,7,63
260,20180213,-12,63
260,20180214,-22,55
260,20180215,5,99
260,20180216,-21,87
260,20180217,-36,76
260,20180218,-49,73
260,20180219,-25,34
260,20180220,-38,46
260,20180221,-39,47
260,20180222,-30,50
260,20180223,-38,35
260,20180224,-34,33
260,20180225,-49,11
260,20180226,-59,0
260,20180227,-64,2
260,20180228,-85,-46
260,20180301,-83,-7
260,20180302,-72,-5
260,20180303,-45,12
260,20180304,-22,113
260,20180305,32,120
260,20180306,10,101
260,20180307,8,95
260,20180308,12,83
260,20180309,29,97
260,20180310,71,151
260,20180311,71,139
260,20180312,74,143
260,20180313,37,89
260,20180314,-4,111
260,20180315,36,107
260,20180316,0,62
260,20180317,-26,0
260,20180318,-30,12
260,20180319,-39,47
260,20180320,-13,79
260,20180321,-36,80
260,20180322,41,99
260,20180323,52,73
260,20180324,0,125
260,20180325,-18,123
260,20180326,0,112
260,20180327,7,98
260,20180328,28,78
260,20180329,36,107
260,20180330,52,135
260,20180331,25,124
260,20180401,6,77
260,20180402,4,121
260,20180403,91,170
260,20180404,78,147
260,20180405,1,99
260,20180406,0,147
260,20180407,86,216
260,20180408,77,234
260,20180409,92,175
260,20180410,95,200
260,20180411,85,175
260,20180412,65,146
260,20180413,38,144
260,20180414,69,161
260,20180415,94,172
260,20180416,51,161
260,20180417,47,203
260,20180418,69,235
260,20180419,94,274
260,20180420,100,265
260,20180421,79,221
260,20180422,99,266
260,20180423,97,166
260,20180424,95,155
260,20180425,85,145
260,20180426,77,137
260,20180427,40,151
260,20180428,49,145
260,20180429,32,122
260,20180430,58,132
260,20180501,26,128
260,20180502,18,169
260,20180503,41,156
260,20180504,23,185
260,20180505,58,220
260,20180506,62,258
260,20180507,85,253
260,20180508,97,266
260,20180509,100,254
260,20180510,53,167
260,20180511,25,187
260,20180512,72,233
260,20180513,112,163
260,20180514,112,258
260,20180515,126,246
260,20180516,110,207
260,20180517,85,153
260,20180518,81,146
260,20180519,61,141
260,20180520,47,242
260,20180521,91,257
260,20180522,144,243
260,20180523,143,252
260,20180524,133,226
260,20180525,159,261
260,20180526,147,290
260,20180527,153,262
260,20180528,131,297
260,20180529,180,307
260,20180530,168,265
260,20180531,165,240
260,20180601,144,234
260,20180602,148,203
260,20180603,155,235
260,20180604,158,232
260,20180605,134,208
260,20180606,115,276
260,20180607,128,286
260,20180608,174,199
260,20180609,162,245
260,20180610,129,228
260,20180611,101,224
260,20180612,131,167
260,20180613,96,194
260,20180614,90,198
260,20180615,148,242
260,20180616,147,213
260,20180617,142,182
260,20180618,147,192
260,20180619,138,204
260,20180620,139,252
260,20180621,116,177
260,20180622,91,168
260,20180623,89,200
260,20180624,107,177
260,20180625,105,214
260,20180626,89,215
260,20180627,99,245
260,20180628,145,270
260,20180629,137,261
260,20180630,126,279
260,20180701,156,265
260,20180702,129,269
260,20180703,125,260
260,20180704,132,252
260,20180705,136,243
260,20180706,130,252
260,20180707,100,249
260,20180708,100,244
260,20180709,115,227
260,20180710,114,217
260,20180711,93,227
260,20180712,136,246
260,20180713,125,243
260,20180714,108,249
260,20180715,106,287
260,20180716,114,297
260,20180717,120,260
260,20180718,104,253
260,20180719,118,259
260,20180720,105,252
260,20180721,147,268
260,20180722,140,272
260,20180723,131,297
260,20180724,159,319
260,20180725,183,302
260,20180726,192,357
260,20180727,224,354
260,20180728,134,242
260,20180729,135,267
260,20180730,168,306
260,20180731,130,266
260,20180801,111,276
260,20180802,145,297
260,20180803,143,307
260,20180804,162,283
260,20180805,144,255
260,20180806,126,313
260,20180807,146,339
260,20180808,120,232
260,20180809,109,230
260,20180810,126,211
260,20180811,110,209
260,20180812,112,271
260,20180813,162,226
260,20180814,157,224
260,20180815,164,226
260,20180816,149,236
260,20180817,110,232
260,20180818,109,217
260,20180819,170,227
260,20180820,145,231
260,20180821,142,258
260,20180822,136,253
260,20180823,129,222
260,20180824,108,198
260,20180825,91,168
260,20180826,70,196
260,20180827,133,193
260,20180828,101,213
260,20180829,83,197
260,20180830,80,199
260,20180831,69,180
260,20180901,52,208
260,20180902,71,225
260,20180903,145,222
260,20180904,183,253
260,20180905,170,228
260,20180906,131,190
260,20180907,122,174
260,20180908,115,184
260,20180909,133,236
260,20180910,149,201
260,20180911,149,226
260,20180912,119,184
260,20180913,70,195
260,20180914,48,199
260,20180915,88,203
260,20180916,78,224
260,20180917,76,242
260,20180918,93,246
260,20180919,138,236
260,20180920,164,236
260,20180921,95,200
260,20180922,105,158
260,20180923,58,109
260,20180924,49,154
260,20180925,25,164
260,20180926,39,190
260,20180927,67,215
260,20180928,27,163
260,20180929,10,155
260,20180930,-1,175
260,20181001,62,133
260,20181002,78,165
260,20181003,84,164
260,20181004,116,180
260,20181005,73,212
260,20181006,63,210
260,20181007,36,153
260,20181008,29,169
260,20181009,58,191
260,20181010,50,235
260,20181011,130,229
260,20181012,147,228
260,20181013,154,263
260,20181014,126,242
260,20181015,107,229
260,20181016,88,243
260,20181017,82,202
260,20181018,73,163
260,20181019,27,158
260,20181020,15,156
260,20181021,61,165
260,20181022,31,150
260,20181023,79,147
260,20181024,122,163
260,20181025,109,136
260,20181026,60,118
260,20181027,36,113
260,20181028,7,78
260,20181029,20,61
260,20181030,37,94
260,20181031,46,114
260,20181101,85,132
260,20181102,23,118
260,20181103,-1,101
260,20181104,6,119
260,20181105,51,112
260,20181106,68,190
260,20181107,87,139
260,20181108,40,137
260,20181109,58,112
260,20181110,93,134
260,20181111,82,134
260,20181112,85,117
260,20181113,81,132
260,20181114,38,132
260,20181115,31,128
260,20181116,6,77
260,20181117,10,91
260,20181118,-14,78
260,20181119,28,69
260,20181120,26,44
260,20181121,18,53
260,20181122,17,43
260,20181123,-8,69
260,20181124,6,35
260,20181125,19,47
260,20181126,35,60
260,20181127,14,52
260,20181128,28,95
260,20181129,95,112
260,20181130,63,116
260,20181201,57,96
260,20181202,96,132
260,20181203,74,133
260,20181204,2,96
260,20181205,17,84
260,20181206,84,123
260,20181207,71,118
260,20181208,67,112
260,20181209,55,100
260,20181210,36,77
260,20181211,-9,77
260,20181212,-29,43
260,20181213,-8,25
260,20181214,-8,33
260,20181215,-11,8
260,20181216,-10,33
260,20181217,24,84
260,20181218,44,79
260,20181219,55,98
260,20181220,54,87
260,20181221,74,123
260,20181222,89,108
260,20181223,54,89
260,20181224,32,84
260,20181225,37,75
260,20181226,15,53
260,20181227,-27,48
260,20181228,-31,54
260,20181229,54,109
260,20181230,62,95
260,20181231,77,100
260,20190101,55,94
260,20190102,41,69
260,20190103,24,66
260,20190104,19,65
260,20190105,57,80
260,20190106,31,75
260,20190107,4,102
260,20190108,37,85
260,20190109,32,72
260,20190110,-2,54
260,20190111,38,86
260,20190112,64,88
260,20190113,79,100
260,20190114,23,84
260,20190115,24,84
260,20190116,43,77
260,20190117,1,47
260,20190118,-39,46
260,20190119,-37,19
260,20190120,-64,29
260,20190121,-81,48
260,20190122,-34,-6
260,20190123,-33,0
260,20190124,-25,-11
260,20190125,-28,72
260,20190126,66,77
260,20190127,39,74
260,20190128,4,63
260,20190129,0,42
260,20190130,-3,24
260,20190131,-27,9
260,20190201,-11,21
260,20190202,-3,24
260,20190203,-27,67
260,20190204,-1,36
260,20190205,28,53
260,20190206,27,71
260,20190207,60,99
260,20190208,55,99
260,20190209,71,103
260,20190210,37,96
260,20190211,11,90
260,20190212,-8,94
260,20190213,16,87
260,20190214,3,121
260,20190215,7,143
260,20190216,2,133
260,20190217,-4,151
260,20190218,9,146
260,20190219,53,105
260,20190220,49,118
260,20190221,52,114
260,20190222,56,115
260,20190223,22,124
260,20190224,-17,147
260,20190225,-6,183
